<?xml version="1.0" encoding="utf-8"?> 
<modification> 
	<name><![CDATA[Pinnacle sms notification]]></name> 
	<code>ocmod-pinnacle</code> 
	<version><![CDATA[1.0.0]]></version>
	<author><![CDATA[Upscale-tech-OpenCartWorks]]></author>
	<link>http://www.upscale-tech.com</link> 
	
	<!--========catalog/controller/mail/order.php=============--> 
	<!-- <file path="catalog/controller/mail/order.php"> 
		<operation>
            <search position="before"><![CDATA[class ModelSaleOrder extends Model {]]> </search>
            <add><![CDATA[require_once(DIR_SYSTEM . 'library/pinnacleapi.php');]]></add>
        </operation>
		<operation>
			<search index="0"><![CDATA[
				<?php
			]]></search>
			<add position="after"><![CDATA[			
				use Twilio\Rest\Client;
			]]></add>
		</operation>
	</file> -->

	<!--========catalog/controller/mail/order.php=============--> 
	<file path="catalog/controller/mail/order.php">
		<operation>
            <search position="before"><![CDATA[class ModelSaleOrder extends Model {]]> </search>
            <add><![CDATA[require_once(DIR_SYSTEM . 'library/pinnacleapi.php');]]></add>
        </operation> 
		<operation>
			<search index="0"><![CDATA[
				$mail->send();
			]]></search>
			<add position="after"><![CDATA[	
				$data['store'] = html_entity_decode($this->config->get('config_name'), ENT_QUOTES, 'UTF-8');
				$data['text_thanks'] = 'Thanks,';
				$this->sendSMS($order_info['telephone'], $this->load->view('mail/order_add_sms', $data));
			]]></add>
		</operation>
	</file>

	<!--========catalog/controller/mail/order.php=============--> 
	<file path="catalog/controller/mail/order.php"> 
		<operation>
			<search index="1"><![CDATA[
				$mail->send();
			]]></search>
			<add position="after"><![CDATA[
				$data['store'] = html_entity_decode($this->config->get('config_name'), ENT_QUOTES, 'UTF-8');
				$data['text_thanks'] = 'Thanks,';			
				$this->sendSMS($order_info['telephone'], $this->load->view('mail/order_edit_sms', $data));
			]]></add>
		</operation>
	</file>

	<!--========catalog/controller/mail/order.php=============--> 
	<file path="catalog/controller/mail/order.php"> 
		<operation>
			<search index="0"><![CDATA[
				public function index(&$route, &$args) {
			]]></search>
			<add  position="before"><![CDATA[			
				private function sendSMS($customer_phone, $body){
					$this->load->model('setting/setting');
					$pinnacleapi = New PinnacleApi()
					$pinnacle_api_config = $this->model_setting_setting->getSetting('module_pinnacle_api');
					if(isset($pinnacle_api_config['module_pinnacle_api_account_sender']) && isset($pinnacle_api_config['module_pinnacle_api_url']) && isset($pinnacle_api_config['module_pinnacle_api_account_apikey'])){
						// Find your Account Sid and Auth Token at twilio.com/console
						$sender    = isset($pinnacle_api_config['module_pinnacle_api_account_sender']) ? $pinnacle_api_config['module_pinnacle_api_account_sender'] : 0;
						$apiurl  = isset($pinnacle_api_config['module_pinnacle_api_url']) ? $pinnacle_api_config['module_pinnacle_api_url'] : 0;
						$apikey = isset($pinnacle_api_config['module_pinnacle_api_account_apikey']) ? $pinnacle_api_config['module_pinnacle_api_account_apikey'] : 0;
						$country_code = "+91";
						if($customer_phone[0] == '+'){
							$customer_phone = $customer_phone;
						}else $customer_phone = $country_code.$customer_phone;
						$pinnacleapi = $pinnacleapi->sendPinnacleSMS($sender, $apiurl, $apikey,$customer_phone,$body);
					}
				}
			]]></add>
		</operation>
	</file>

	<!--========catalog/controller/mail/transaction.php=============--> 
	<!-- <file path="catalog/controller/mail/transaction.php">
		<operation>
            <search position="before"><![CDATA[class ModelSaleOrder extends Model {]]> </search>
            <add><![CDATA[require_once(DIR_SYSTEM . 'library/IntelliSMS.php');]]></add>
        </operation>
		<operation>
			<search index="0"><![CDATA[
				<?php
			]]></search>
			<add position="after"><![CDATA[			
				use Twilio\Rest\Client;
			]]></add>
		</operation>
	</file> -->

	<!--========catalog/controller/mail/transaction.php=============--> 
	<file path="catalog/controller/mail/transaction.php">
		<operation>
            <search position="before"><![CDATA[class ModelSaleOrder extends Model {]]> </search>
            <add><![CDATA[require_once(DIR_SYSTEM . 'library/pinnacleapi.php');]]></add>
        </operation> 
		<operation>
			<search index="0"><![CDATA[
				$mail->send();
			]]></search>
			<add position="after"><![CDATA[			
				$this->sendSMS($customer_info['telephone'], $this->load->view('mail/transaction', $data));
			]]></add>
		</operation>
	</file>

	<!--========catalog/controller/mail/transaction.php=============--> 
	<file path="catalog/controller/mail/transaction.php"> 
		<operation>
			<search index="0"><![CDATA[
				public function index(&$route, &$args, &$output) {
			]]></search>
			<add  position="before"><![CDATA[			
				private function sendSMS($customer_phone, $body){
					$this->load->model('setting/setting');
					$pinnacleapi = New PinnacleApi()
					$pinnacle_api_config = $this->model_setting_setting->getSetting('module_pinnacle_api');
					if(isset($pinnacle_api_config['module_pinnacle_api_account_sender']) && isset($pinnacle_api_config['module_pinnacle_api_url']) && isset($pinnacle_api_config['module_pinnacle_api_account_apikey'])){
						// Find your Account Sid and Auth Token at twilio.com/console
						$sender    = isset($pinnacle_api_config['module_pinnacle_api_account_sender']) ? $pinnacle_api_config['module_pinnacle_api_account_sender'] : 0;
						$apiurl  = isset($pinnacle_api_config['module_pinnacle_api_url']) ? $pinnacle_api_config['module_pinnacle_api_url'] : 0;
						$apikey = isset($pinnacle_api_config['module_pinnacle_api_account_apikey']) ? $pinnacle_api_config['module_pinnacle_api_account_apikey'] : 0;
						$country_code = "+91";
						if($customer_phone[0] == '+'){
							$customer_phone = $customer_phone;
						}else $customer_phone = $country_code.$customer_phone;
						$pinnacleapi = $pinnacleapi->sendPinnacleSMS($sender, $apiurl, $apikey,$customer_phone,$body);
					}
				}
			]]></add>
		</operation>
	</file>

	<!--========catalog/controller/mail/register.php=============--> 
	<!-- <file path="catalog/controller/mail/register.php">
		<operation>
            <search position="before"><![CDATA[class ModelSaleOrder extends Model {]]> </search>
            <add><![CDATA[require_once(DIR_SYSTEM . 'library/IntelliSMS.php');]]></add>
        </operation>
 
		<operation>
			<search index="0"><![CDATA[
				<?php
			]]></search>
			<add position="after"><![CDATA[			
				use Twilio\Rest\Client;
			]]></add>
		</operation>
	</file> -->

	<!--========catalog/controller/mail/register.php=============--> 
	<file path="catalog/controller/mail/register.php">
		<operation>
            <search position="before"><![CDATA[class ModelSaleOrder extends Model {]]> </search>
            <add><![CDATA[require_once(DIR_SYSTEM . 'library/pinnacleapi.php');]]></add>
        </operation> 
		<operation>
			<search index="0"><![CDATA[
				$mail->send();
			]]></search>
			<add position="after"><![CDATA[			
				$this->sendSMS($args[0]['telephone'], $this->load->view('mail/register', $data));
			]]></add>
		</operation>
	</file>

	<!--========catalog/controller/mail/register.php=============--> 
	<file path="catalog/controller/mail/register.php"> 
		<operation>
			<search index="0"><![CDATA[
				public function index(&$route, &$args, &$output) {
			]]></search>
			<add  position="before"><![CDATA[			
				private function sendSMS($customer_phone, $body){
					$this->load->model('setting/setting');
					$pinnacleapi = New PinnacleApi()
					$pinnacle_api_config = $this->model_setting_setting->getSetting('module_pinnacle_api');
					if(isset($pinnacle_api_config['module_pinnacle_api_account_sender']) && isset($pinnacle_api_config['module_pinnacle_api_url']) && isset($pinnacle_api_config['module_pinnacle_api_account_apikey'])){
						// Find your Account Sid and Auth Token at twilio.com/console
						$sender    = isset($pinnacle_api_config['module_pinnacle_api_account_sender']) ? $pinnacle_api_config['module_pinnacle_api_account_sender'] : 0;
						$apiurl  = isset($pinnacle_api_config['module_pinnacle_api_url']) ? $pinnacle_api_config['module_pinnacle_api_url'] : 0;
						$apikey = isset($pinnacle_api_config['module_pinnacle_api_account_apikey']) ? $pinnacle_api_config['module_pinnacle_api_account_apikey'] : 0;
						$country_code = "+91";
						if($customer_phone[0] == '+'){
							$customer_phone = $customer_phone;
						}else $customer_phone = $country_code.$customer_phone;
						$pinnacleapi = $pinnacleapi->sendPinnacleSMS($sender, $apiurl, $apikey,$customer_phone,$body);
					}
				}
			]]></add>
		</operation>
	</file>

	<!--========admin/controller/mail/customer.php=============--> 
	<!-- <file path="admin/controller/mail/customer.php">
		<operation>
            <search position="before"><![CDATA[class ModelSaleOrder extends Model {]]> </search>
            <add><![CDATA[require_once(DIR_SYSTEM . 'library/IntelliSMS.php');]]></add>
        </operation>
 
		<operation>
			<search index="0"><![CDATA[
				<?php
			]]></search>
			<add position="after"><![CDATA[			
				use Twilio\Rest\Client;
			]]></add>
		</operation>
	</file> -->

	<!--========admin/controller/mail/customer.php=============--> 
	<file path="admin/controller/mail/customer.php"> 
		<operation>
            <search position="before"><![CDATA[class ModelSaleOrder extends Model {]]> </search>
            <add><![CDATA[require_once(DIR_SYSTEM . 'library/pinnacleapi.php');]]></add>
        </operation>
		<operation>
			<search index="0"><![CDATA[
				$mail->send();
			]]></search>
			<add position="after"><![CDATA[			
				$this->sendSMS($customer_info['telephone'], $this->load->view('mail/customer_approve', $data));
			]]></add>
		</operation>
	</file>

	<!--========admin/controller/mail/customer.php=============--> 
	<file path="admin/controller/mail/customer.php"> 
		<operation>
			<search index="1"><![CDATA[
				$mail->send();
			]]></search>
			<add position="after"><![CDATA[			
				$this->sendSMS($customer_info['telephone'], $this->load->view('mail/customer_deny', $data));
			]]></add>
		</operation>
	</file>

	<!--========cadmin/controller/mail/customer.php=============--> 
	<file path="admin/controller/mail/customer.php"> 
		<operation>
			<search index="0"><![CDATA[
				public function approve(&$route, &$args, &$output) {
			]]></search>
			<add  position="before"><![CDATA[			
				private function sendSMS($customer_phone, $body){
					$this->load->model('setting/setting');
					$pinnacleapi = New PinnacleApi()
					$pinnacle_api_config = $this->model_setting_setting->getSetting('module_pinnacle_api');
					if(isset($pinnacle_api_config['module_pinnacle_api_account_sender']) && isset($pinnacle_api_config['module_pinnacle_api_url']) && isset($pinnacle_api_config['module_pinnacle_api_account_apikey'])){
						// Find your Account Sid and Auth Token at twilio.com/console
						$sender    = isset($pinnacle_api_config['module_pinnacle_api_account_sender']) ? $pinnacle_api_config['module_pinnacle_api_account_sender'] : 0;
						$apiurl  = isset($pinnacle_api_config['module_pinnacle_api_url']) ? $pinnacle_api_config['module_pinnacle_api_url'] : 0;
						$apikey = isset($pinnacle_api_config['module_pinnacle_api_account_apikey']) ? $pinnacle_api_config['module_pinnacle_api_account_apikey'] : 0;
						$country_code = "+91";
						if($customer_phone[0] == '+'){
							$customer_phone = $customer_phone;
						}else $customer_phone = $country_code.$customer_phone;
						$pinnacleapi = $pinnacleapi->sendPinnacleSMS($sender, $apiurl, $apikey,$customer_phone,$body);
					}
				}
			]]></add>
		</operation>
	</file>

</modification>